{"train_loss": [0.5500969988959176, 0.35947350024112634, 0.25711935802495905, 0.13963050940739258, 0.11782064765159572, 0.09024957021964448, 0.10994551225698419, 0.08377536054301475, 0.08520284656052744, 0.12064978934234075, 0.08276499349948219, 0.07065221540230726, 0.06649632254183026, 0.07017955531477388, 0.11170916982882773, 0.16495864507076996, 0.09582864969103996, 0.07958503199874291, 0.07471573438628444, 0.07543090934133423, 0.07905035849294759, 0.07364371004784646, 0.0677518810757517, 0.060660187434405086, 0.056941556622353215, 0.060737053774054015, 0.08243156015336613, 0.09642278675169759, 0.05229174820820585, 0.049612921432136706, 0.0489377021978076, 0.08920870482782317, 0.16547447678770238, 0.1103415309256109, 0.08208388342713338, 0.21953307739458977, 0.07530152987206488, 0.056257889245612855, 0.04011388975320317, 0.04358748538495547, 0.03721069166074033, 0.03185686574930965, 0.04804173441232444, 0.034861460824649984, 0.03281042616706818, 0.029807448243979805, 0.09285003611050908, 0.11188759762195072, 0.05108037570088137, 0.05482102183429691, 0.03527758181270266, 0.03552425737302006, 0.033060563720855335, 0.03145428367294016, 0.028530807457963193, 0.02857420825018835, 0.05349630544762606, 0.09343117953477693, 0.05865556522671663, 0.042234498954400936, 0.03957419060378535, 0.04172073126376615, 0.03702401714118813, 0.030976490835772502, 0.03058552891994363, 0.02965368068058264, 0.02833430351959204, 0.03089186093366152, 0.02770583765381421, 0.04200490529461872, 0.03229172840376334, 0.09445771495578803, 0.03283780678619743, 0.025778810284522738, 0.0263340000140691, 0.028148043538132585, 0.025475169159724535, 0.03986449151457318, 0.06142064470226143, 0.03974508175931208, 0.055177636516167694, 0.03393920452096982, 0.02438160436290886, 0.0283565045990656, 0.03886346275690227, 0.02794289305762762, 0.03556134895049442, 0.028019740365671147, 0.02842284993627798, 0.024225444067891594, 0.02594832740377667, 0.025924771293159666, 0.03397916323668804, 0.02916738335391713, 0.02326507050227552, 0.022905760850132902, 0.02392751964294746, 0.03723920323024735, 0.06016724464506638, 0.07090482031722527]}
{"train_loss": [0.4988188637154443, 0.19558690525591374, 0.16015865861305167, 0.18109753232981476, 0.11859373115003109, 0.1450255801851329, 0.1124307436269841, 0.09393601297051646, 0.08902491436539484, 0.10160290655164447, 0.07851798121700995, 0.0717897273757574, 0.12915020774671576, 0.07516991814066257, 0.09669850939244498, 0.11033252234171544, 0.11740587702661287, 0.08723288478213362, 0.0644959736149758, 0.10106522477040666, 0.1530774328325476, 0.07614173633462218, 0.06240201890634905, 0.04902591849261496, 0.05252968780876992, 0.08115971088604315, 0.05242396965018088, 0.1192616313126304, 0.053995860557604046, 0.048387317840700106, 0.05856710658575009, 0.06640410913673155, 0.08041423391384472, 0.04646023100524742, 0.03964559086426951, 0.03607639254722536, 0.031056251966765556, 0.09649825257852009, 0.09328712216312332, 0.0653706891044359, 0.05661482926058982, 0.05545013700236073, 0.042295045861724896, 0.11236137261572625, 0.08454038144638097, 0.06992147489638845, 0.058388122919002076, 0.04208468220424818, 0.03115775455000746, 0.03378304417487275, 0.034053461354982266, 0.04676671787522569, 0.041060517232335766, 0.030793976250029484, 0.027728103626456807, 0.04418708548282397, 0.02865258258565169, 0.027529001540604472, 0.025730828316910655, 0.03715600287865592, 0.0386897567536786, 0.028208679388974593, 0.023035806622127505, 0.032553898604303355, 0.03187601654121082, 0.05098785134536681, 0.03625609726341281, 0.027626068303335773, 0.02762092537416996, 0.026875832559204633, 0.0235686258589234, 0.05634532392019957, 0.07498266951500991, 0.07878973416080563, 0.04981474752191194, 0.042360771516060984, 0.04685028434320953, 0.03361990471990696, 0.04175041368465193, 0.04464825560841876, 0.03004082615703995, 0.037163782208684944, 0.03337827607838853, 0.04352098356040039, 0.04092605822800875, 0.03040639858931432, 0.039561228267180885, 0.04175988529054523, 0.0469945696697258, 0.03201714049729587, 0.03401190459834861, 0.0300495949542922, 0.039664182542059376, 0.028907089945414556, 0.07229026572843712, 0.07499614533168954, 0.04775647467299251, 0.040955905244637894, 0.02672238439460151, 0.027430495573471398]}
