{"tp": 60, "fp": 9, "tn": 81, "fn": 1, "accuracy": 0.9337748344370861, "recall": 0.9836065573770492, "precision": 0.8695652173913043, "F1": 0.923076923076923, "FPR": 0.1, "roc": 0.9836065573770493, "test_loss": 0.021704766070733378}
