{"tp": 59, "fp": 5, "tn": 85, "fn": 2, "accuracy": 0.9536423841059603, "recall": 0.9672131147540983, "precision": 0.921875, "F1": 0.944, "FPR": 0.05555555555555555, "roc": 0.9934426229508196, "test_loss": 0.013552728073402449}
{"tp": 58, "fp": 4, "tn": 86, "fn": 3, "accuracy": 0.9536423841059603, "recall": 0.9508196721311475, "precision": 0.9354838709677419, "F1": 0.943089430894309, "FPR": 0.044444444444444446, "roc": 0.9910746812386156, "test_loss": 0.02687801686871943}
