{"tp": 45, "fp": 17, "tn": 73, "fn": 16, "accuracy": 0.7814569536423841, "recall": 0.7377049180327869, "precision": 0.7258064516129032, "F1": 0.7317073170731708, "FPR": 0.18888888888888888, "roc": 0.8601092896174863, "test_loss": 0.045092974487223374}
