{"tp": 59, "fp": 8, "tn": 82, "fn": 2, "accuracy": 0.9337748344370861, "recall": 0.9672131147540983, "precision": 0.8805970149253731, "F1": 0.9218749999999999, "FPR": 0.08888888888888889, "roc": 0.9805100182149362, "test_loss": 0.019212882659731076}
