{"tp": 58, "fp": 1, "tn": 89, "fn": 3, "accuracy": 0.9735099337748344, "recall": 0.9508196721311475, "precision": 0.9830508474576272, "F1": 0.9666666666666667, "FPR": 0.011111111111111112, "roc": 0.995264116575592, "test_loss": 0.011393447167843108}
